{
  "components": [
    {
      "component_bitshift": 0,
      "x": 0,
      "y": 0,
      "z": 0,
      "pitch": 0,
      "yaw": 0,
      "roll": 0,
      "scale_x": 1.0,
      "scale_y": 1.0,
      "scale_z": 1.0
    },
    {
      "component_bitshift": 2,
      "mesh_path": "./assets/models/seg1/seg1.gltf",
      "mesh_format": 2
    },
    {
      "component_bitshift": 4,
      "colliders": [
        {
          "max": [
            42.27009582519531,
            1.0,
            0.8431053161621094
          ],
          "min": [
            -14.187027931213379,
            -1.013301134109497,
            -40.71039581298828
          ]
        }
      ]
    }
  ]
}